101,One hundred and one
1, One
3, Three
5, Five
7, Seven
9, Nine
11, Eleven
13, Thirteen
15, Fifteen
17, Seventeen
19, Nineteen
21, Twenty-one
23, Twenty-three
25, Twenty-five
27, Twenty-seven
29, Twenty-nine
31, Thirty-one
33, Thirty-three
35, Thirty-five
37, Thirty-seven
39, Thirty-nine
41, Forty-one
43, Forty-three
45, Forty-five
47, Forty-seven
49, Forty-nine
51, Fifty-one
53, Fifty-three
55, Fifty-five
57, Fifty-seven
59, Fifty-nine
61, Sixty-one
63, Sixty-three
65, Sixty-five
67, Sixty-seven
69, Sixty-nine
71, Seventy-one
73, Seventy-three
75, Seventy-five
77, Seventy-seven
79, Seventy-nine
81, Eighty-one
83, Eighty-three
85, Eighty-five
87, Eighty-seven
89, Eighty-nine
91, Ninety-one
93, Ninety-three
95, Ninety-five
97, Ninety-seven
99, Ninety-nine
2, Two
4, Four
6, Six
8, Eight
10, Ten
12, Twelve
14, Fourteen
16, Sixteen
18, Eighteen
20, Twenty
22, Twenty-two
24, Twenty-four
26, Twenty-six
28, Twenty-eight
30, Thirty
32, Thirty-two
34, Thirty-four
36, Thirty-six
38, Thirty-eight
40, Forty
42, Forty-two
44, Forty-four
46, Forty-six
48, Forty-eight
50, Fifty
52, Fifty-two
54, Fifty-four
56, Fifty-six
58, Fifty-eight
60, Sixty
62, Sixty-two
64, Sixty-four
66, Sixty-six
68, Sixty-eight
70, Seventy
72, Seventy-two
74, Seventy-four
76, Seventy-six
78, Seventy-eight
80, Eighty
82, Eighty-two
84, Eighty-four
86, Eighty-six
88, Eighty-eight
90, Ninety
92, Ninety-two
94, Ninety-four
96, Ninety-six
98, Ninety-eight
100, One hundred
